Timestamp,Movement,Percentage of Total Movement
10:39:13,0.6928373459545023,0.008235771828180137
10:39:13,9.775250690695119,0.11619860667428869
10:39:13,9.601618147526459,0.11413463305070513
10:39:13,9.91849034997062,0.11790129945987182
10:39:13,9.202638180415956,0.10939194994864167
10:39:13,9.09639139201224,0.10812899218246577
10:39:13,8.971733321700174,0.10664717912832532
10:39:13,8.82824228947862,0.10494149826734533
10:39:13,8.695140594349692,0.10335931567077117
10:39:13,8.42542304301787,0.10015317757242129
10:39:13,8.00112740006315,0.09510956650920423
10:39:13,8.019733134124287,0.09533073325392152
10:39:13,7.944170939044347,0.09443252388176726
10:39:13,7.908474068553295,0.094008194445629
10:39:13,7.9028843140480785,0.09394174891847994
10:39:13,7.817502999947807,0.09292681947591178
10:39:13,7.504400293061573,0.08920496113822636
10:39:13,7.409098555002896,0.08807210741135495
10:39:13,7.372263256233473,0.08763424545478003
10:39:13,7.2900828327537965,0.08665736506506981
10:39:13,7.271077298391498,0.08643144588592266
10:39:14,7.1915527125482255,0.08548613549300003
10:39:14,7.183092162072513,0.08538556475491031
10:39:14,6.983798652224428,0.08301655869088995
10:39:14,7.165954925383557,0.08518185406875885
10:39:14,7.126321438949819,0.0847107299976771
10:39:14,7.146232636801224,0.0849474148174078
10:39:14,7.067608424640495,0.08401280718502893
10:39:14,7.231661855622478,0.0859629137043828
10:39:14,7.176674455785861,0.08530927734785039
10:39:14,7.202778408284439,0.08561957556986058
10:39:14,7.161502781225099,0.08512893133927649
10:39:14,7.218532749708491,0.08580684775146186
10:39:14,7.159150676065224,0.08510097181670495
10:39:14,7.224071941707338,0.08587269224105436
10:39:14,7.1081659443037815,0.08449491525817789
10:39:14,7.218597522342299,0.08580761770509654
10:39:14,7.029324204878493,0.0835577218747165
10:39:14,7.277036600013452,0.08650228422727405
10:39:14,7.181917738369588,0.08537160435611921
10:39:14,7.207071576480636,0.08567060854879906
10:39:14,7.168026916439124,0.08520648386919226
10:39:14,7.190054115802636,0.08546832164256142
10:39:14,7.120821441199807,0.08464535141092931
10:39:14,7.10547085092011,0.08446287862751246
10:39:14,7.122238722927993,0.08466219866807813
10:39:14,7.11935009950782,0.08462786154187528
10:39:14,7.077896941484241,0.08413510699705588
10:39:14,7.07121766576473,0.08405571030875003
10:39:14,7.102939937445049,0.08443279360680858
10:39:14,7.096843483586759,0.0843603249339937
10:39:14,7.043809927209134,0.08372991395497621
10:39:14,7.037849212923789,0.08365905882126595
10:39:15,7.053206445551983,0.08384161056241646
10:39:15,7.053370194422469,0.08384355704861891
10:39:15,7.05454244044986,0.08385749156133601
10:39:15,7.071308798910272,0.08405679361033165
10:39:15,6.942591777307985,0.08252673171844717
10:39:15,6.955144356907308,0.08267594449116897
10:39:15,6.940001754562828,0.0824959440646299
10:39:15,6.936687556480018,0.08245654812363049
10:39:15,6.799677688755146,0.08082790899876252
10:39:15,6.727839617324184,0.0799739683612716
10:39:15,6.5797227418507305,0.0782133000061012
10:39:15,6.355229502582782,0.07554474423846612
10:39:15,5.320401298845307,0.06324372002677903
10:39:15,4.157726791087083,0.04942298416106662
10:39:15,4.130853718178055,0.04910354338886648
10:39:15,3.96586009651185,0.04714226080344826
10:39:15,4.009708268993815,0.04766348493455603
10:39:15,3.956913769146789,0.04703591562545076
10:39:15,5.497012746588007,0.06534310395050441
10:39:15,6.8367236302801135,0.08126827487011926
10:39:15,7.659914012381944,0.09105355592884022
10:39:15,8.316133146715513,0.09885404631985917
10:39:15,8.86380825919033,0.1053642716832184
10:39:15,9.38240895121351,0.11152888881071327
10:39:15,10.574579559487429,0.1257002454319129
10:39:15,11.819793975673196,0.14050213489232888
10:39:15,11.9597718093213,0.1421660542893708
10:39:15,12.023051995203554,0.14291826716475078
10:39:15,12.257415881821542,0.14570415552111832
10:39:15,12.275729667652952,0.14592185187120443
10:39:15,12.065279006301669,0.1434202205170358
10:39:15,11.718602337985605,0.13929926780702945
10:39:15,10.071545524575978,0.11972066947872582
10:39:16,8.409543909073363,0.09996442197955425
10:39:16,7.783647125818,0.0925243740015089
10:39:16,7.209787340956841,0.08570289089716797
10:39:16,6.716362941935276,0.07983754488410046
10:39:16,6.356781330765833,0.07556319085210028
10:39:16,5.739705217882792,0.06822799436478681
10:39:16,5.327196938779373,0.06332449993890449
10:39:16,5.486662025035507,0.0652200647098209
10:39:16,5.489439898468449,0.06525308534864019
10:39:16,5.838080156912215,0.06939737929501352
10:39:16,5.971666897561544,0.0709853276376977
10:39:16,7.492446952350397,0.08906287153053336
10:39:16,8.56968734279046,0.10186805028073692
10:39:16,9.009223772782684,0.1070928288939651
10:39:16,9.3127436609752,0.11070077606809511
10:39:16,9.606308444526798,0.11419038670793327
10:39:16,9.8691716379706,0.11731504691262741
10:39:16,10.098053424327249,0.1200357694300643
10:39:16,10.324522973988032,0.12272781764012052
10:39:16,10.116714834015239,0.12025759799210685
10:39:16,10.182168626910672,0.12103564857890525
10:39:16,10.02730047208072,0.11919472762671035
10:39:16,9.865131083468832,0.11726701675788734
10:39:16,9.59373924461585,0.11404097636922421
10:39:16,9.36088038394538,0.1112729782873513
10:39:16,9.0707015611285,0.10782361663263663
10:39:16,8.80491495832719,0.10466420580058475
10:39:16,6.765026632708714,0.08041601118050802
10:39:16,5.555300468227171,0.06603597130040641
10:39:16,5.254836222200417,0.06246434660775449
10:39:16,5.208075594372021,0.06190850205984467
10:39:16,5.207728927337371,0.06190438122165024
10:39:16,5.209056616959075,0.06192016349558055
10:39:17,5.998005893215894,0.0712984198225507
10:39:17,6.409360154388949,0.07618819641348143
10:39:17,6.629122613302467,0.07880051729742293
10:39:17,6.67595392357926,0.07935720204905537
10:39:17,6.765062148791411,0.08041643336091592
10:39:17,6.8569332091324355,0.08150850655096496
10:39:17,6.854622888566392,0.08148104372272255
10:39:17,6.892136420894129,0.08192696785560062
10:39:17,6.785364520118632,0.08065776806782557
10:39:17,6.780196432152762,0.08059633489953087
10:39:17,6.754773532267719,0.08029413236399141
10:39:17,6.747282299408823,0.08020508392441482
10:39:17,6.736918961620454,0.08008189471427521
10:39:17,6.721222614272213,0.0798953119094498
10:39:17,6.699264799532856,0.07963429891253976
10:39:17,6.693317073966969,0.07956359817600571
10:39:17,6.707943064961903,0.07973745763277235
10:39:17,6.711028834826845,0.0797741382428323
10:39:17,6.685798716511614,0.07947422730579129
10:39:17,6.709854976531623,0.07976018456505424
10:39:17,6.698203093684742,0.07962167839321474
10:39:17,6.711762778565812,0.07978286264720247
10:39:17,0.17366641610980485,0.00206437627193391
10:39:17,0.1303246346380202,0.001549171621213617
10:39:17,0.09592480396272351,0.001140260124129885
10:39:17,0.3257579093416254,0.0038722909904149393
10:39:17,0.12401498954000072,0.0014741687397328371
10:39:18,0.07864255735960057,0.0009348257021364021
10:39:18,0.2666237301223579,0.003169361781791448
10:39:18,0.39872930170464577,0.004739703437211518
10:39:18,0.205697611596683,0.0024451317536557126
10:39:18,0.11445764237077381,0.0013605603567147181
10:39:18,0.1697939654340366,0.0020183443708423603
10:39:18,0.1477570268381728,0.001756390827017272
10:39:18,0.14755628101650164,0.001754004557292642
10:39:18,0.36213313369626077,0.004304684032927562
10:39:18,0.11803355176331129,0.0014030672654533225
10:39:18,0.09506888864176945,0.0011300858410477426
10:39:18,0.16174281128992948,0.0019226401353943947
10:39:18,0.40612374022323944,0.004827601280467564
10:39:18,0.23713288812469996,0.002818803534416641
10:39:18,0.18483814915845498,0.002197174893213866
10:39:18,0.3879757686219997,0.004611875967557081
10:39:19,0.1680700021458452,0.0019978515836613473
10:39:19,0.08887520077535248,0.001056461345571819
10:39:19,0.18867738653919894,0.002242811987182099
10:39:19,0.12342876747406414,0.0014672003059382549
10:39:19,0.08518732684936674,0.0010126235121137076
10:39:19,0.3352098064838586,0.0039846458867862046
10:39:19,0.4288775293381995,0.005098076041205484
10:39:19,0.7292229094574121,0.008668287772361647
10:39:19,0.6830587230977824,0.008119533136498727
10:39:19,0.5797164640424384,0.006891101570622388
10:39:19,1.4564384546320586,0.017312713964071753
10:39:19,0.18972603050834083,0.0022552772396822393
10:39:19,1.2647077195425194,0.01503360675966538
10:39:19,0.22062257521428325,0.0026225451041573433
10:39:19,0.2210831760081983,0.002628020275299189
10:39:19,0.20701998584352468,0.0024608508436153417
10:39:20,0.3827529695817983,0.004549792447592842
10:39:20,0.569812401056442,0.0067733717695357895
10:39:20,0.131660852034058,0.0015650552649733966
10:39:20,0.1682269663523015,0.001999717420422477
10:39:20,0.06855671347008611,0.0008149350676986034
10:39:20,0.09824560965444681,0.0011678475892776283
10:39:20,0.09965689687349727,0.0011846235895726378
10:39:20,0.5263352152429792,0.006256557564611877
10:39:20,0.3074260827966698,0.0036543801899946273
10:39:20,0.24449609464418096,0.002906330122254757
10:39:20,0.16129787146745653,0.0019173511265432484
10:39:20,2.430955942081748,0.028896823446723823
10:39:20,0.978198702643275,0.011627868163620738
10:39:20,0.5293945165385621,0.006292923542241684
10:39:20,0.9921138597545781,0.01179327792334448
10:39:20,0.733249227461552,0.00871614869756063
10:39:21,0.8367584181181071,0.00994656458282523
10:39:21,4.365984010901702,0.051898542030426896
10:39:21,1.0280111070480908,0.012219989242668398
10:39:21,0.8598201875865247,0.010220700312379927
10:39:21,0.7026162892847029,0.008352014329336426
10:39:21,0.988804595480162,0.011753940630627253
10:39:21,0.2751991868599983,0.003271298412987818
10:39:21,0.3595884267574071,0.004274435049034939
10:39:21,2.5733651161299775,0.030589644237273166
10:39:21,1.1661823223085248,0.013862433329656202
10:39:21,1.0034082512690319,0.011927534588338524
10:39:21,0.8301645976168743,0.009868183702462443
10:39:21,2.592662873310567,0.03081903707509141
10:39:21,1.022751453737271,0.012157467635228824
10:39:21,0.37737611144281286,0.004485877623942321
10:39:21,0.27705373818581414,0.0032933435028667797
10:39:22,0.37874268315124454,0.004502122090039892
10:39:22,0.601495913458299,0.0071499943352514445
10:39:22,2.8420998834045337,0.033784099961254414
10:39:22,0.9732678529750061,0.011569255051865086
10:39:22,0.7786765149441609,0.00925614380126637
10:39:22,0.6945907512381101,0.008256614592968206
10:39:22,1.5154749070231308,0.018014481491871875
10:39:22,0.19009726285433792,0.0022596900862395506
10:39:22,0.11396442403975826,0.0013546974602362902
10:39:22,1.4861729267979003,0.01766616824828311
10:39:22,1.0266500099833418,0.012203809853773253
10:39:22,0.796590039923982,0.009469082242350204
10:39:22,0.7088321320647477,0.008425902180727814
10:39:22,0.7622635454577334,0.009061042494296732
10:39:22,0.731958791551721,0.0087008092592721
10:39:22,2.0165554581575034,0.023970836343090367
10:39:22,0.25705273020804,0.003055591108310705
10:39:23,0.1280794401644536,0.0015224829481763533
10:39:23,0.2585224572585694,0.003073061784088421
10:39:23,0.15664271099750146,0.0018620151379768477
10:39:23,0.15651315844904615,0.0018604751441600202
10:39:23,0.1396219314160949,0.0016596887798659252
10:39:23,0.19428546486841985,0.002309475330005219
10:39:23,0.14184613462017043,0.0016861279292495902
10:39:23,0.24030017436316398,0.0028564531312907644
10:39:23,2.66701976765902,0.03170291901257889
10:39:23,1.2809277007245568,0.01522641401067839
10:39:23,2.1050380931431096,0.025022631251018806
10:39:23,1.1762847024936725,0.013982520531381423
10:39:23,0.40386232708947867,0.004800719815881897
10:39:23,0.44189544049920254,0.005252820219803185
10:39:23,0.3341972394682446,0.0039726094817771045
10:39:23,1.1559511201924502,0.01374081481897979
10:39:23,0.47139389848587776,0.005603468998596598
10:39:24,0.8227233146671795,0.009779729018487254
10:39:24,2.6145542192049898,0.031079259955470135
10:39:24,0.8604638500137792,0.010228351540934787
10:39:24,0.45030245521581125,0.005352754577219722
10:39:24,0.2715921856469021,0.003228421915136647
10:39:24,0.7821481393452078,0.009297411072159187
10:39:24,0.1846204163742173,0.0021945866991146786
10:39:24,0.15504495645002256,0.0018430225967010234
10:39:24,0.7950342875199411,0.009450588981420148
10:39:24,0.3863166130150383,0.0045921535506201665
10:39:24,0.4187268578466419,0.004977414799724469
10:39:24,0.5825146373863553,0.006924363514902322
10:39:24,0.9737301689429797,0.011574750611316357
10:39:24,0.24497619787513897,0.002912037119268169
10:39:24,0.1682266134526997,0.001999713225497628
10:39:24,0.44633620284372955,0.00530560765342848
10:39:25,0.21968810795743915,0.002611437072592343
10:39:25,0.08774397732952417,0.0010430144691282658
10:39:25,0.15205583908343626,0.001807490896883456
10:39:25,0.3324361227990106,0.003951675051588972
10:39:25,0.05403113159967549,0.0006422691762671275
10:39:25,0.09003030291952963,0.0010701920685953863
10:39:25,0.36337553253639726,0.00431945245357738
10:39:25,0.37947600321384184,0.004510839080756173
10:39:25,0.7958356144597837,0.009460114371289578
10:39:25,0.8724297438148969,0.01037059036746697
10:39:25,1.4342235921041477,0.017048645434794927
10:39:25,0.22722476576450598,0.0027010254794651895
10:39:25,0.1589778719926088,0.0018897732449121413
10:39:25,0.45697375394426076,0.005432056442868209
10:39:25,0.10773917199436582,0.0012806977607135533
10:39:25,0.07741752056360034,0.0009202636644635003
10:39:26,0.1155107641591228,0.0013730788371441734
10:39:26,0.3069057946193173,0.003648195513694201
10:39:26,0.1302769716152956,0.0015486050498789551
10:39:26,0.1757908294827892,0.002089629217536214
10:39:26,0.07497070779839334,0.0008911783506330782
10:39:26,0.03378665598754253,0.0004016226769174326
10:39:26,0.048023138492458484,0.0005708520382256576
10:39:26,0.034106760777808456,0.0004054277691647416
10:39:26,0.08604762596547393,0.0010228499054592956
10:39:26,0.04885778605393215,0.0005807735110119925
10:39:26,0.04704538528708165,0.000559229465697236
10:39:26,0.20002362408021046,0.0023776849469636856
10:39:26,0.103625099034475,0.001231793690544721
10:39:26,0.07222534645633844,0.0008585441837090635
10:39:26,0.5268081468007534,0.006262179311798163
10:39:26,0.30940863174599104,0.003677946790265451
10:39:27,0.4099137659415947,0.004872653394389492
10:39:27,0.45739066581309257,0.005437012282856062
10:39:27,2.058100884083619,0.024464687678371178
10:39:27,0.38435707167969657,0.004568860442331484
10:39:27,0.5841529086563392,0.006943837679294632
10:39:27,0.2587185598552507,0.003075392859701783
10:39:27,0.1846004613117865,0.0021943494928757874
10:39:27,0.22203803550158394,0.0026393707098007553
10:39:27,0.3035012272821707,0.0036077253515037016
10:39:27,1.7720790694864157,0.021064740466144403
10:39:27,0.5513570503228775,0.00655399263453654
10:39:27,0.5937626628956327,0.007058069026236062
10:39:27,1.7336943160752638,0.02060846011026999
10:39:27,0.1941169938623994,0.002307472711680225
10:39:27,0.397217801847556,0.0047217362072202295
10:39:27,0.2533005393814768,0.003010988738528239
10:39:27,0.2180035011090709,0.0025914121162236353
10:39:28,0.08966977105324503,0.0010659064188612236
10:39:28,0.10145447750274596,0.0012059914676059054
10:39:28,0.29347298394587495,0.003488519416030611
10:39:28,0.08655978102667024,0.0010289379032401447
10:39:28,0.06463310684722959,0.0007682950748084036
10:39:28,0.10258192193132579,0.0012193934227934455
10:39:28,0.793184219500911,0.009428597184701461
10:39:28,0.7342619530189317,0.008728186987158972
10:39:28,0.6418258612822829,0.00762939725725062
10:39:28,1.6550657339996075,0.019673800532622215
10:39:28,0.4285213881671475,0.005093842583756155
10:39:28,0.07189721813750671,0.000854643715612126
10:39:28,0.06842067525162732,0.0008133179785886112
10:39:28,0.7811908310529143,0.009286031528734473
10:39:28,0.16856227078237906,0.0020037031911018743
10:39:28,0.08439491613787191,0.001003204109634636
10:39:29,0.2049025035208634,0.0024356802875512514
10:39:29,0.09612278413476251,0.0011426135185202675
10:39:29,0.05667683695780659,0.0006737187304538215
10:39:29,0.06261308447912992,0.0007442830272352904
10:39:29,0.04580573423445312,0.0005444937080542259
10:39:29,0.06914767627629059,0.0008219598547705761
10:39:29,0.045732845655416035,0.0005436272800111436
10:39:29,0.08444132367627073,0.0010037557570012103
10:39:29,0.026452793722227745,0.0003144449048341141
10:39:29,0.028899266023160557,0.00034352617155868325
10:39:29,0.04562565689409831,0.0005423531249935011
10:39:29,0.03292350102454935,0.00039136233606098
10:39:29,0.03833848146304791,0.00045573032027247434
10:39:29,0.03237342491831992,0.00038482357003531475
10:39:29,0.050415735235243175,0.0005992928850787887
10:39:29,0.03523715967160104,0.00041886484414123154
10:39:30,0.05485919489320649,0.0006521123817245603
10:39:30,0.03294019263013663,0.0003915607495210302
10:39:30,0.06834041397270522,0.000812363911109859
10:39:30,0.03256285577624865,0.00038707533855245226
10:39:30,0.038609046025535644,0.0004589465268099127
10:39:30,0.06290318057726024,0.000747731405539949
10:39:30,0.061084054107911956,0.0007261074116608153
10:39:30,0.0570334832652902,0.0006779581924703376
10:39:30,0.07521094865514207,0.0008940340986546622
10:39:30,0.062292753322912696,0.0007404752441712473
10:39:30,0.06315939621387444,0.0007507770460994361
10:39:30,0.05853860115337478,0.0006958495598643681
10:39:30,0.08477224147773463,0.001007689383735758
10:39:30,10.408602025460526,0.12372726705995989
10:39:30,10.403431803080196,0.12366580851983645
10:39:30,10.05475023428659,0.11952102351648214
10:39:30,10.050099917054983,0.1194657450995899
10:39:30,0.08944922014793273,0.00106328472569867
10:39:31,8.11312702904401,0.09644090841003151
10:39:31,8.113075356011246,0.09644029417162475
10:39:31,7.795325012503761,0.09266318928151776
10:39:31,7.769307854162235,0.09235392278344345
10:39:31,7.356763939485535,0.0874500047567662
10:39:31,7.349177479873963,0.08735982435481554
10:39:31,7.391392853385009,0.0878616393708629
10:39:31,7.398968812135132,0.08795169494885682
10:39:31,7.412577915650324,0.08811346664316815
10:39:31,7.411084608845342,0.08809571567436267
10:39:31,7.333834867989497,0.08717744641074741
10:39:31,7.315546308624535,0.08696004992818852
10:39:31,7.4529038440027024,0.0885928217856254
10:39:31,7.462055868846007,0.08870161209379138
10:39:31,7.470586067228724,0.08880301073798885
10:39:31,7.380533875743618,0.0877325584795628
10:39:31,7.274713057246057,0.08647466422645132
10:39:31,7.100394121413348,0.08440253143910639
10:39:31,7.289472401265428,0.08665010885337121
10:39:31,6.890101527531728,0.08190277903621138
10:39:31,7.0371854705979136,0.08365116890254183
10:39:31,7.009156922601857,0.08331799297413875
10:39:31,7.012193832808294,0.08335409278842984
10:39:31,7.01433376445791,0.08337953020010669
10:39:31,7.322563184172692,0.0870434596726239
10:39:31,7.268802943701696,0.08640441058479328
10:39:31,7.397845824465806,0.08793834597125852
10:39:31,7.418887831787979,0.08818847274650266
10:39:31,7.627319081864882,0.09066609931718185
10:39:31,7.631805139635618,0.09071942517847317
10:39:31,7.975346957596738,0.09480311385762208
10:39:31,7.9481905915624464,0.09448030557419614
10:39:32,0.2366939005334778,0.002813585279861198
10:39:32,0.12635621912438055,0.0015019989841140392
10:39:32,0.08080306644740212,0.0009605077182455793
10:39:32,0.1332891758462875,0.0015844111837301131
10:39:32,0.13884651068996867,0.001650471337693521
10:39:32,0.09553815194746211,0.001135663983645841
10:39:32,0.11159745452625529,0.0013265612447864534
10:39:32,0.26465664511244935,0.003145979001687524
10:39:32,2.4457457701647103,0.029072630438336664
10:39:32,2.5643458847606477,0.030482432447872538
10:39:32,1.1666934003438176,0.013868508524807912
10:39:33,5.451389041809627,0.06480077403035073
10:39:33,1.3798014256007278,0.01640172801855792
10:39:33,1.2230038218473274,0.01453787166719546
10:39:33,2.7838327532856595,0.033091477383179004
10:39:33,0.8107071160739688,0.009636892217853415
10:39:33,0.8454120762398205,0.010049430795487774
10:39:33,0.3300474462492191,0.003923280804150844
10:39:33,0.9796348666468963,0.011644939874767276
10:39:33,0.11591171755020442,0.0013778449783777035
10:39:33,0.09915651242887413,0.0011786755093538825
10:39:33,0.0635427379224808,0.0007553338368999627
10:39:33,0.23261522355912082,0.0027651019625028086
10:39:34,0.08733148526920292,0.0010381111674953817
10:39:34,0.5582161258181559,0.006635526606487129
10:39:34,0.5292098224117319,0.006290728079344858
10:39:34,0.2690104303978546,0.0031977325372162515
10:39:34,0.11564879175723203,0.0013747195740511215
10:39:34,0.09335627863284096,0.0011097280105316046
10:39:34,0.15236952011575686,0.0018112196297875136
10:39:34,0.08444252825604776,0.0010037700758658767
10:39:34,0.05299578025376455,0.0006299619334536292
10:39:34,0.09620361864936651,0.0011435744000633996
10:39:34,0.03802674439649994,0.00045202469532967
10:39:34,0.06147708541740903,0.0007307793829470764
10:39:34,0.04999787367837707,0.0005943257561296754
10:39:34,0.02797673530749444,0.0003325600299049786
10:39:34,0.10386299172383867,0.001234621525852144
10:39:34,0.0565879226577594,0.0006726618043343985
10:39:35,0.03746399582702188,0.00044533529147186985
10:39:35,0.04686452695134275,0.0005570795989282646
10:39:35,0.03716781269192717,0.00044181455643320865
10:39:35,0.03915566301502867,0.0004654441742435529
10:39:35,0.06132366704459402,0.0007289556955836096
10:39:35,0.04414063867695419,0.0005247006828027
10:39:35,0.02705352027828711,0.00032158575380208856
10:39:35,0.039220763377499676,0.00046621802359560297
10:39:35,0.04371709822144666,0.0005196660486682513
10:39:35,0.04104913231828037,0.0004879518829233737
10:39:35,0.05924359534005744,0.0007042298403091423
10:39:35,0.2577362134936111,0.0030637156882300847
10:39:35,0.11444222595768479,0.0013603771014942085
10:39:35,0.15947257190721378,0.0018956537530052694
10:39:35,0.4921083459358354,0.005849702062880466
10:39:35,0.13106175439718656,0.001557933779001422
10:39:36,0.13331955755318478,0.001584772331706933
10:39:36,0.13036208937573096,0.00154961684645367
10:39:36,7.8143077908819745,0.09288883795981252
10:39:36,8.0497100252663,0.09568706917750498
10:39:36,7.8767060135303435,0.09363056692003184
10:39:36,7.941087229230658,0.09439586775957905
10:39:36,7.781499084257502,0.09249884018715404
10:39:36,7.886544674253322,0.09374751928306836
10:39:36,7.624008385132158,0.09062674499680316
10:39:36,8.05637550428482,0.09576630186414145
10:39:36,7.960507644897759,0.09462671864135754
10:39:36,8.059427381772739,0.09580257959481636
10:39:36,7.995468519977536,0.09504229928485457
10:39:36,8.077857844358828,0.096021662883893
10:39:36,7.931956006972466,0.09428732473217157
10:39:36,8.173431111000895,0.0971577442766382
10:39:36,8.188800723195227,0.09734044317394684
10:39:36,8.240121222310945,0.0979504910059428
10:39:36,8.270862226257046,0.09831590995419606
10:39:36,8.300024168843436,0.09866255856748223
10:39:36,8.329950360859053,0.09901829182950403
10:39:36,8.337509312678993,0.09910814524576794
10:39:36,8.414256786671087,0.10002044405280942
10:39:36,8.434995684622463,0.10026696776070819
10:39:36,8.436641636311666,0.10028653322240225
10:39:36,8.453826895959246,0.10049081475845384
10:39:36,8.476908195284677,0.10076518263982187
10:39:36,8.469384824804953,0.10067575217968334
10:39:36,8.503840573231725,0.10108532837223272
10:39:36,8.480140208156278,0.10080360164351976
10:39:37,8.51195323510363,0.10118176375131026
10:39:37,8.495725296744224,0.10098886191316565
10:39:37,8.500399571461136,0.10104442511318006
10:39:37,8.498918159836641,0.10102681554263052
10:39:37,8.51312677439066,0.10119571363703136
10:39:37,8.503323931979587,0.10107918704700758
10:39:37,8.549914699991795,0.10163301246777728
10:39:37,8.558730412659179,0.10173780502616823
10:39:37,8.556955688688397,0.10171670884570583
10:39:37,8.538599714504569,0.10149851100180393
10:39:37,8.548746334858976,0.10161912408733405
10:39:37,8.543287671199739,0.10155423683977623
10:39:37,8.576707310500245,0.10195149678176141
10:39:37,8.557872764931599,0.1017276101499328
10:39:37,8.569254977962558,0.10186291075110573
10:39:37,8.565881734378582,0.10182281293501555
10:39:37,8.593077162350534,0.10214608554850052
10:39:37,8.585802606407904,0.10205961275189877
10:39:37,8.598209868566276,0.10220709813320132
10:39:37,8.596585727999468,0.10218779194076925
10:39:37,8.636382987055015,0.1026608627803859
10:39:37,8.616832304898626,0.10242846341816118
10:39:37,8.606421736324913,0.10230471277470157
10:39:37,8.603018552333925,0.1022642590563754
10:39:37,8.609584869908883,0.10234231300888603
10:39:37,8.604074379065905,0.1022768096905256
10:39:37,8.610879484660323,0.10235770212115101
10:39:37,8.616101114864803,0.1024197717471409
10:39:37,8.628015455307136,0.10256139775783339
10:39:37,8.634900915033633,0.10264324535968491
10:39:37,8.647132214552947,0.102788639069466
10:39:37,8.651028642333117,0.10283495598689234
10:39:38,8.67987786203798,0.10317788725683272
10:39:38,8.67944699495799,0.10317276553096184
10:39:38,8.58998201420238,0.1021092934585945
10:39:38,8.35077953347855,0.09926588863424558
10:39:38,8.081713527336053,0.09606749546700596
10:39:38,7.789457329155963,0.09259344000848181
10:39:38,7.801373650174155,0.09273508956232042
10:39:38,7.8283286795853595,0.09305550455315312
10:39:38,6.202775135199622,0.07373251602746014
10:39:38,4.34241088004123,0.05161832773745282
10:39:38,3.997850475274303,0.04752253109592456
10:39:38,3.5207071080474988,0.04185071804376328
10:39:38,3.4210720802285803,0.0406663544120937
10:39:38,3.2414044727035756,0.03853064185397168
10:39:38,3.5142395275624665,0.04177383778107806
10:39:38,3.6002029180932436,0.0427956863781869
10:39:38,5.102948716397769,0.06065885669205334
10:39:38,6.683189001378011,0.07944320556814623
10:39:38,7.452828195850507,0.08859192255447923
10:39:38,8.254165408680276,0.09811743453911927
10:39:38,8.898146903135775,0.10577245585238176
10:39:38,9.534430813507672,0.11333597582480151
10:39:38,10.853133893805936,0.12901142655197406
10:39:38,12.246874345389903,0.14557884806002896
10:39:38,12.407879835077152,0.14749272363831753
10:39:38,12.789082652479182,0.15202408939496181
10:39:38,12.78179953569705,0.15193751483548426
10:39:38,12.803925428874196,0.15220052578425264
10:39:38,12.76431547354425,0.15172968142788726
10:39:38,12.710928808039904,0.15109507303339398
10:39:38,12.270974530276034,0.14586532745508193
10:39:38,11.754637189976718,0.13972761483623325
10:39:39,11.60577150146762,0.1379580453250563
10:39:39,11.546768754077341,0.1372566784492961
10:39:39,11.497466848308205,0.13667062567806498
10:39:39,11.445398692272322,0.136051690432831
10:39:39,11.442559217546473,0.13601793753817176
10:39:39,11.431671739820679,0.13588851786578027
10:39:39,11.483754573714338,0.13650762758701251
10:39:39,11.50481004053746,0.13675791435562218
10:39:39,11.535636819528083,0.13712435291359965
10:39:39,11.568782098398176,0.137518351527487
10:39:39,11.621213013106594,0.13814159889254704
10:39:39,11.673458339017456,0.13876264015974082
10:39:39,11.651202247905333,0.13849808154543272
10:39:39,11.645160143766061,0.1384262589288493
10:39:39,11.611300141561383,0.13802376438393527
10:39:39,11.603577262834623,0.13793196236514732
10:39:39,11.584415511618378,0.13770418623303377
10:39:39,11.558493773994886,0.13739605400300375
10:39:39,11.497094139802954,0.13666619528437216
10:39:39,11.433446786521847,0.13590961788254544
10:39:39,11.416370451811428,0.13570663113946957
10:39:39,11.392479301884302,0.13542263654728778
10:39:39,11.382631569209408,0.13530557634577164
10:39:39,11.348563027145287,0.13490060288324515
10:39:39,11.36607926028408,0.1351088187080165
10:39:39,11.376975785317905,0.13523834592594527
10:39:39,11.373700277629617,0.1351994098984639
10:39:39,11.377928927401086,0.1352496759455563
10:39:39,11.376015669406923,0.13522693300829927
10:39:39,11.377968960051808,0.1352501518145015
10:39:39,11.338065192017021,0.13477581490045082
10:39:39,11.338800144169848,0.13478455129185735
10:39:40,11.27014538037407,0.13396845069791394
10:39:40,11.220589795829431,0.13337938244184372
10:39:40,11.191443230786414,0.13303291662173294
10:39:40,11.169856104133608,0.13277631000175694
10:39:40,11.17216863954224,0.1328037991578789
10:39:40,11.172464578567304,0.1328073169911766
10:39:40,11.166804825297143,0.1327400393872642
10:39:40,11.182153521347304,0.1329224896539355
10:39:40,11.18054608407332,0.1329033820138899
10:39:40,11.165283498624898,0.1327219553457184
10:39:40,11.156677841947662,0.13261965972721684
10:39:40,11.16230465382373,0.13268654575609792
10:39:40,11.145264354049335,0.13248398736105013
10:39:40,11.146841271867824,0.1325027322156985
10:39:40,11.161076041616203,0.13267194121743442
10:39:40,11.178781029785133,0.132882400777144
10:39:40,11.17829672424444,0.13287664382718806
10:39:40,11.164144218022615,0.13270841269368983
10:39:40,11.163656007342933,0.1327026093232661
10:39:40,11.16245909598769,0.1326883816132879
10:39:40,11.188465416970178,0.13299751928745165
10:39:40,11.186219545725164,0.13297082256961823
10:39:40,11.183587298140429,0.13293953298826158
10:39:40,11.185496859085381,0.13296223197861837
10:39:40,11.175894987595118,0.1328480943340773
10:39:40,11.175035940085348,0.13283788281860207
10:39:40,11.17251054870856,0.13280786343919432
10:39:40,11.159079462213754,0.13264820783687775
10:39:40,11.196938934850703,0.13309824416934996
10:39:40,11.18663424233462,0.13297575207677215
10:39:40,11.18162136464211,0.1329161638961997
10:39:40,11.190723672807938,0.1330243632211946
10:39:41,11.204365199864856,0.13318652033481548
10:39:41,11.205328325106693,0.13319796902443945
10:39:41,11.199135794320783,0.1331243582832034
10:39:41,11.189376955986972,0.13300835477055406
10:39:41,11.204075300623245,0.13318307429654833
10:39:41,11.207147477120152,0.13321959332196195
10:39:41,11.211815527164255,0.1332750825291622
10:39:41,11.216690887570225,0.1333330360389119
10:39:41,11.204069686347806,0.13318300755954032
10:39:41,11.205136734243869,0.13319569157989952
10:39:41,11.200554325425495,0.13314122039171672
10:39:41,11.182075259115626,0.13292155934917257
10:39:41,11.17577221596377,0.13284663494516205
10:39:41,11.171334737504965,0.1327938865471541
10:39:41,11.158153655180067,0.13263720274956414
10:39:41,11.137444675633924,0.13239103468236574
10:39:41,11.127178146718132,0.1322689962412921
10:39:41,11.100377030924582,0.1319504108248085
10:39:41,11.084581445442463,0.1317626483742379
10:39:41,11.085245342087473,0.13177054012735678
10:39:41,11.06304747971604,0.13150667367929078
10:39:41,11.05017669105973,0.13135367834894227
10:39:41,11.022101673895794,0.1310199500405817
10:39:41,11.013345061394961,0.1309158600070901
10:39:41,11.033792993554348,0.13115892499861534
10:39:41,11.034362660352025,0.13116569663959451
10:39:41,11.033352881088488,0.13115369337265187
10:39:41,11.030076251877958,0.1311147440136125
10:39:41,11.033339262808047,0.13115353149187126
10:39:41,11.043341553140442,0.13127242892345142
10:39:41,11.035830410857852,0.13118314382014457
10:39:41,11.041598217297361,0.1312517058543107
10:39:41,11.024019138779497,0.1310427429852215
10:39:41,11.03481126022281,0.13117102915551546
10:39:42,11.015898274716902,0.13094621010653398
10:39:42,11.025084792819987,0.13105541043679078
10:39:42,11.01832009363149,0.13097499831794635
10:39:42,11.025150773679933,0.13105619475263447
10:39:42,11.023334280288815,0.1310346020582106
10:39:42,11.02551739039203,0.1310605527330564
10:39:42,11.01501082976226,0.1309356610300456
10:39:42,11.012762018866223,0.1309089293685198
10:39:42,10.996589009340022,0.13071668047054896
10:39:42,11.006207216647422,0.13083101229928543
10:39:42,10.98568485806952,0.1305870625993875
10:39:42,10.997203993953118,0.13072399080533517
10:39:42,11.011471110076108,0.1308935843090936
10:39:42,11.023996292589564,0.13104247141209033
10:39:42,11.014900991387877,0.1309343553790228
10:39:42,11.014254362541351,0.13092666888858082
10:39:42,11.062122122394012,0.13149567393770892
10:39:42,11.042671140785343,0.1312644597179523
10:39:42,11.018529346788634,0.13097748571454332
10:39:42,11.006080002306515,0.13082950009978997
10:39:42,11.016278320962043,0.1309507277240923
10:39:42,11.002431950256513,0.1307861356297934
10:39:42,11.003367471687298,0.1307972561923458
10:39:42,10.992451533841876,0.130667498213925
10:39:42,10.95285107039234,0.13019676668773794
10:39:42,10.924032068474991,0.1298541946172613
10:39:42,10.943404760539226,0.1300844782075877
10:39:42,10.930632021884094,0.12993264839962645
10:39:42,10.92368862136277,0.1298501120543512
10:39:42,10.910098524493762,0.1296885662924353
10:39:42,10.918501906169814,0.12978845746382378
10:39:42,10.923325356649194,0.1298457939192049
10:39:43,10.909300471311624,0.12967907981779128
10:39:43,10.912460466266625,0.1297166427430284
10:39:43,10.911583312653464,0.12970621599992857
10:39:43,10.923716722851593,0.12985044609732874
10:39:43,10.955989927301102,0.13023407834458325
10:39:43,10.96207772625656,0.13030644413638953
10:39:43,10.984889653936765,0.13057760999145224
10:39:43,10.985300170059098,0.13058248980506948
10:39:43,10.98458683327849,0.13057401035603855
10:39:43,10.983742867009594,0.13056397811158482
10:39:43,10.983499947790397,0.13056109052581355
10:39:43,10.97101862464758,0.1304127247800606
10:39:43,10.981645864418706,0.1305390509985149
10:39:43,10.944009379717166,0.1300916653282323
10:39:43,10.880853810034996,0.1293409337681942
10:39:43,10.868904211212733,0.1291988886404119
10:39:43,10.845391724382974,0.1289193952242823
10:39:43,10.745553965354645,0.12773262172254307
10:39:43,10.681590160267586,0.12697228265156896
10:39:43,10.66562089925525,0.12678245571638688
10:39:43,10.603149563762475,0.12603985766227738
10:39:43,10.817446020541318,0.12858720406605212
10:39:43,10.815985651617181,0.1285698446305159
10:39:43,10.785276032275696,0.12820479875170535
10:39:43,10.812072386264093,0.12852332756451285
10:39:43,10.82042842946852,0.12862265602251227
10:39:43,10.908154009536483,0.12966545180301275
10:39:43,10.820615004848392,0.12862487384790283
10:39:43,10.828030337158147,0.12871302005608556
10:39:43,10.882808644505756,0.12936417092588645
10:39:43,10.916889012983223,0.12976928496923243
10:39:43,10.887331063159653,0.12941792900974625
10:39:44,10.82472933461296,0.12867378097071414
10:39:44,10.895772721812348,0.12951827518034592
10:39:44,10.845900065840853,0.12892543788968183
10:39:44,10.798168155474343,0.12835804768619888
10:39:44,10.771697904791235,0.12804339527011055
10:39:44,10.786282365100169,0.12821676105075572
10:39:44,10.780863431355478,0.12815234607351192
10:39:44,10.774047116896588,0.12807132040288327
10:39:44,10.725545740143424,0.1274947835365841
10:39:44,10.701796082597506,0.12721247086725745
10:39:44,10.688339558689952,0.12705251288989064
10:39:44,10.733355842581377,0.12758762238542684
10:39:44,10.7420632154778,0.1276911271067248
10:39:44,10.72590695659536,0.127499077324002
10:39:44,10.691170885826269,0.12708616893398497
10:39:44,10.67230737649631,0.12686193800932796
10:39:44,10.638861260296181,0.12646436333589062
10:39:44,10.67268163635901,0.12686638684403878
10:39:44,10.650214918201387,0.1265993245016945
10:39:44,10.64147082437997,0.12649538327800341
10:39:44,10.659841737097095,0.12671375869655885
10:39:44,10.635016220639777,0.1264186572701519
10:39:44,10.630266349696251,0.12636219545623179
10:39:44,10.621667642304285,0.12625998244402767
10:39:44,10.622581895216504,0.12627085018726097
10:39:44,10.649616156169238,0.12659220700506277
10:39:44,10.646386198837371,0.12655381243560815
10:39:44,10.583687830694275,0.12580851563969947
10:39:44,10.597938128063806,0.12597790921858842
10:39:44,10.607723401326675,0.12609422696378497
10:39:44,10.58772219909035,0.1258564722600735
10:39:44,10.607559120114509,0.12609227414962598
10:39:45,10.647917653936052,0.12657201687396802
10:39:45,10.584833213871654,0.12582213083316413
10:39:45,10.579889319611738,0.1257633626600784
10:39:45,10.596701204670522,0.12596320588468832
10:39:45,10.581980425440536,0.12578821967821563
10:39:45,10.687976566401314,0.1270481979930652
10:39:45,10.697666274905789,0.1271633797580067
10:39:45,10.694155572120534,0.12712164796155442
10:39:45,10.702599615887854,0.12722202248406086
10:39:45,10.690920715640708,0.12708319515582692
10:39:45,10.69894246022638,0.12717854979924686
10:39:45,10.724250951479226,0.12747939235701458
10:39:45,10.703456618330021,0.1272322096897753
10:39:45,10.651664968667646,0.12661656128150894
10:39:45,10.660865701092007,0.12672593057769604
10:39:45,10.663073203552406,0.126752171204995
10:39:45,10.676967662987936,0.12691733493101975
10:39:45,10.69270511671019,0.12710440636816128
10:39:45,10.678981647341061,0.12694127520458426
10:39:45,10.653049842498945,0.12663302330531873
10:39:45,10.642726549038944,0.12651031010293676
10:39:45,10.659441502535529,0.1267090011000666
10:39:45,10.650202503388783,0.12659917692656092
10:39:45,10.60562835870939,0.12606932314896174
10:39:45,10.606673992765261,0.12608175262256072
10:39:45,10.62730623936195,0.12632700856360554
10:39:45,10.653499301420684,0.1266383660327961
10:39:45,10.660635789401121,0.12672319761268225
10:39:45,10.694108404923387,0.12712108728410865
10:39:45,10.67570833479385,0.12690236527079019
10:39:45,10.747432570574697,0.12775495274155918
10:39:45,10.715370891883607,0.1273738349053599
10:39:46,11.029143098130694,0.13110365159576298
10:39:46,11.101816883018797,0.13196752637636402
10:39:46,11.074743663328398,0.13164570645524368
10:39:46,11.083495385234913,0.13174973835413972
10:39:46,11.099018046606302,0.13193425655017424
10:39:46,11.13462783333922,0.13235755081988254
10:39:46,11.172150832107206,0.13280358748053123
10:39:46,11.34341538991519,0.1348394128132686
10:39:46,11.399546422533374,0.13550664355627456
10:39:46,11.528587169537042,0.1370405535786854
10:39:46,11.553174149955614,0.13733281952227758
10:39:46,11.698058117521061,0.13905505823443387
10:39:46,11.7401622534176,0.13955555096666217
10:39:46,11.81287983437097,0.14041994635199478
10:39:46,11.80969419578199,0.1403820786003514
10:39:46,11.832452030102942,0.1406526014465364
10:39:46,11.829215846777782,0.14061413286857105
10:39:46,11.801312670104837,0.14028244723167285
10:39:46,11.797397397971697,0.1402359063110339
10:39:46,11.82819826660082,0.14060203687200956
10:39:46,11.81639756349656,0.14046176167069965
10:39:46,11.749372095017586,0.1396650285438079
10:39:46,11.731982373737342,0.13945831656810972
10:39:46,11.772724591528613,0.1399426201517173
10:39:46,11.783156570245009,0.14006662529798478
10:39:46,11.756434056864283,0.1397489742300044
10:39:46,11.76887290076795,0.139896835024165
10:39:46,11.72195387528872,0.13933910760011115
10:39:46,11.746630770981593,0.13963244236842434
10:39:46,11.646935155341323,0.13844735852807213
10:39:46,11.644872179929875,0.1384228358967864
10:39:46,11.63285703382881,0.1382800116071484
10:39:47,11.619454035757506,0.13812068989250162
10:39:47,11.621390077249702,0.1381437036576699
10:39:47,11.632308732922393,0.13827349394295954
10:39:47,11.432176438478745,0.13589451722914322
10:39:47,11.429503300479672,0.1358627415825876
10:39:47,11.258464168237884,0.13382959588820725
10:39:47,11.270997188632107,0.13397857616025444
10:39:47,10.937897342510642,0.13001901141583538
10:39:47,10.957407984801142,0.13025093482334807
10:39:47,0.12998906196282867,0.0015451826618990152
10:39:47,0.12635313032453938,0.0015019622674865894
10:39:47,0.0733510328625424,0.0008719252412483444
10:39:47,0.1631432000261389,0.001939286585198981
10:39:47,0.08716625167758181,0.0010361470323821578
10:39:47,0.09753323023653082,0.0011593795204367877
10:39:47,0.0844668777869137,0.0010040595192417367
10:39:47,0.13374670912288697,0.00158984989123033
10:39:47,0.07726685686203034,0.000918472721933966
10:39:47,0.05603849643826358,0.0006661307635257461
10:39:47,0.10901313730386578,0.0012958414126360744
10:39:48,0.06548847996966137,0.0007784629127655232
10:39:48,0.11343146883639602,0.0013483622107363
10:39:48,0.07844005060327672,0.0009324185001452184
10:39:48,0.17855013581657284,0.0021224291488646653
10:39:48,0.12315182003189118,0.0014639082259782863
10:39:48,0.05768280372806352,0.0006856766782101645
10:39:48,0.14665510998282624,0.0017432923186195216
10:39:48,0.08455509296484655,0.0010051081348821601
10:39:48,0.13678371685713994,0.001625950864836577
10:39:48,0.884913226006702,0.01051898177787978
10:39:48,0.5268650568099473,0.006262855802251799
10:39:48,0.4188146572432978,0.004978458472964274
10:39:48,0.2888104856785009,0.0034330962029148738
10:39:48,0.42962603658305265,0.005106973562270631
10:39:48,0.10296854048410296,0.0012239891655082488
10:39:48,0.0720045367186216,0.0008559194138003763
10:39:49,1.4603003799730343,0.01735862075029143
10:39:49,0.9268993455637966,0.011018071647445834
10:39:49,0.9263812728603876,0.011011913306529892
10:39:49,0.9518709908620031,0.011314910110399853
10:39:49,4.194766446731848,0.049863275312035674
10:39:49,0.6619202247676299,0.007868259370651621
10:39:49,0.29117234311691514,0.0034611716510226428
10:39:49,0.4494443388198669,0.005342554129913751
10:39:49,0.5394902633423844,0.006412931892826208
10:39:49,0.7086951967867205,0.008424274428252223
10:39:49,3.1167789600778524,0.03704921581372061
10:39:49,0.5329548444614842,0.0063352452337294436
10:39:49,1.156064285533605,0.013742160017725285
10:39:49,0.9969263965232261,0.011850484647220931
10:39:49,1.4703915843826516,0.017478575105342307
10:39:49,0.191144914341033,0.0022721435410803657
10:39:49,0.4957958539747477,0.005893535547031385
10:39:50,0.5253876011323273,0.006245293256124375
10:39:50,4.133624615261417,0.04913648109967435
10:39:50,1.1097936583195573,0.013192140117229472
10:39:50,1.8425925461595254,0.021902935618415498
10:39:50,0.9785661283598203,0.011632235760695204
10:39:50,1.825245339119306,0.02169672901036578
10:39:50,0.2205406652163869,0.0026215714383221226
10:39:50,0.15781742184409495,0.001875978950050667
10:39:50,0.9569834887818909,0.01137568247867084
10:39:50,0.6838611824205233,0.008129071987027036
10:39:50,3.305842501712198,0.03929661803448709
10:39:50,0.5154234897374029,0.00612684965836174
10:39:50,1.112425293133199,0.01322342241456347
10:39:50,0.6986798912624477,0.00830522228481762
10:39:50,0.6232313734900058,0.007408364197163337
10:39:50,0.8182353205060532,0.009726380139283407
10:39:50,0.7127464563420841,0.008472431834185272
10:39:50,4.053116865898672,0.04817948382170801
10:39:50,0.6267830656636058,0.007450583235320703
10:39:51,1.2461815639953022,0.014813385966385172
10:39:51,0.5461199009220764,0.006491738531539731
10:39:51,1.7108335336970906,0.020336713518404426
10:39:51,0.9250581808727486,0.010996185684770593
10:39:51,0.9719737336765334,0.011553871829059764
10:39:51,0.9306324632936256,0.011062447294933844
10:39:51,2.3118119187574253,0.027480555982909983
10:39:51,0.274183644383855,0.003259226638618008
10:39:51,0.07466875314943139,0.000887589009489981
10:39:51,2.227636395847557,0.026479959805103842
10:39:51,1.133186050422968,0.013470205964868786
10:39:51,1.217474320131213,0.01447214236619378
10:39:51,2.5183623391214818,0.02993582509198132
10:39:51,0.5634000906771386,0.006697148503737872
10:39:51,1.1264449476698633,0.013390074337338805
10:39:51,0.6349708296259707,0.0075479113544972675
10:39:52,5.308943015025044,0.06310751517056389
10:39:52,0.6997018599192455,0.008317370447329477
10:39:52,0.41817048563339604,0.004970801191744779
10:39:52,0.6501851976963243,0.007728764861700689
10:39:52,3.0992286102600275,0.0368405944432816
10:39:53,12.752981892333887,0.15159495891416927
10:39:53,0.5505299337448284,0.006544160682705576
10:39:53,0.4264644387243008,0.005069391583283527
10:39:53,1.0561356976248495,0.01255430683121014
10:39:58,8.046629111774111,0.09565044629524816
10:39:58,1.4985697297897183,0.01781352930125703
10:39:58,1.44241446263175,0.017146010481776577
10:39:58,1.0115747424290589,0.012024609837274727
10:39:58,2.0082551868853766,0.023872170847201057
10:39:58,0.7446376917447514,0.008851523607497962
10:39:58,0.4428582689537827,0.005264265381510912
10:39:58,0.42842477283794306,0.005092694115344227
10:39:58,0.19536820991505183,0.002322345942717165
10:39:59,0.17762545714900502,0.0021114374744623816
10:39:59,0.4440885863839306,0.005278890190190895
10:39:59,0.12344972607014013,0.0014674494412022945
10:39:59,0.14872327759869175,0.001767876669746313
10:39:59,0.25793063583121517,0.0030660267905691235
10:39:59,0.6695775227819415,0.007959281830157415
10:39:59,0.18937965094081513,0.002251159818615459
10:39:59,0.2733777002248037,0.0032496463637685666
10:39:59,0.062389551451441115,0.0007416258855225109
10:39:59,0.27235725025096746,0.0032375162538724133
10:39:59,0.12083812225807948,0.0014364052527974312
10:39:59,0.05193319685709646,0.0006173309826908427
10:39:59,0.3019244136413697,0.0035889817352176764
10:39:59,0.34642013406477035,0.004117903282067559
10:39:59,0.5657105974985388,0.006724613546001565
10:40:00,1.7582011292185986,0.020899773103807154
10:40:00,0.22900209081163775,0.002722152578975856
10:40:00,0.42584253094196145,0.005061998952641684
10:40:00,2.390842652134221,0.028419995941372865
10:40:00,0.39924011437038837,0.0047457754779099085
10:40:00,0.1118277483314145,0.0013292987520005337
10:40:00,0.0559435202334299,0.0006650017794190377
10:40:00,2.2620739714741207,0.02688931997720216
10:40:00,0.4133298652435724,0.004913260637283904
10:40:00,0.17512947161414366,0.0020817676429043894
10:40:00,2.116343301393277,0.025157016494773483
10:40:00,0.42099973423941417,0.0050044325283065535
10:40:00,0.19047567525350204,0.00226418828223702
10:40:00,1.0698276886796902,0.012717063811415645
10:40:00,0.8448353366293249,0.01004257507983669
10:40:00,0.6647223806077768,0.007901568654946418
10:40:01,0.25422027018107435,0.00302192159752186
10:40:01,2.2822984801744046,0.027129729129458685
10:40:01,0.5067157843865806,0.006023340985171503
10:40:01,0.24620898306933756,0.002926691262310344
10:40:01,2.077874429115571,0.024699736216196533
10:40:01,0.354317337378124,0.0042117775008135554
10:40:01,0.19768798918230002,0.002349921206735992
10:40:01,2.544668856049497,0.030248531201544186
10:40:01,0.36534195610029463,0.00434282737105892
10:40:01,0.14316578448729714,0.0017018146344513294
10:40:01,0.07329302803084144,0.0008712357366169754
10:40:01,2.245362164858946,0.02669066638711655
10:40:01,0.31761611907590903,0.0037755093615191126
10:40:01,0.15952242556470433,0.0018962463644605983
10:40:01,2.0352572813656282,0.024193145301480715
10:40:01,0.3430022294198146,0.004077274579023914
10:40:01,0.12029963032092025,0.001430004188028545
10:40:02,1.6172891880021112,0.019224749950824387
10:40:02,0.4897861217297348,0.0058220977358230475
10:40:02,0.2468849497466321,0.002934726492152034
10:40:02,0.07285874070257138,0.0008660733541842349
10:40:02,1.863670382574428,0.02215348829482426
10:40:02,0.5329473695870216,0.006335156379742462
10:40:02,1.5775185161068843,0.018751995153331102
10:40:02,0.5770318618986044,0.006859189649541403
10:40:02,1.2192109437215881,0.0144927856466481
10:40:02,1.0087793488282477,0.011991380935858453
10:40:02,0.5223674873414434,0.0062093931011715665
10:40:02,1.3075546694478628,0.015542929337344451
10:40:02,1.1632805653652505,0.013827940084993242
10:40:02,0.27970045458809306,0.003324805075356122
10:40:02,0.11108826782100611,0.0013205085319140004
10:40:02,1.440458406403056,0.017122758801022524
10:40:03,0.8544617067705846,0.010157003940347666
10:40:03,0.2591266529329537,0.00308024387053751
10:40:03,0.4523831047623155,0.005377487301313584
10:40:03,0.13734761371597595,0.0016326539184336704
10:40:03,0.08316977094085923,0.0009886407833966623
10:40:03,0.09214867828330928,0.0010953732402576785
10:40:03,0.14668921425993256,0.0017436977168652323
10:40:03,0.04642393318778292,0.0005518422517691
10:40:03,0.02495356772172006,0.0002966235744292903
10:40:03,0.10189273770166349,0.0012112010756340134
10:40:03,0.05816647034551893,0.0006914260332724017
10:40:03,0.06491633252228977,0.000771661784252255
10:40:03,0.054382001987160415,0.0006464399798034321
10:40:03,0.16410264602609115,0.0019506915395987481
10:40:03,0.05065713989196865,0.0006021624672147113
10:40:03,0.04739050057161086,0.0005633318582059485
10:40:04,0.09135006996091284,0.0010858801666499308
10:40:04,0.08278005458631181,0.0009840082170482925
10:40:04,0.03233569858980524,0.0003843751163897716
10:40:04,0.1055135138223609,0.001254241316096088
10:40:04,0.0593136304050054,0.0007050623485713645
10:40:04,0.08785277573412778,0.0010443077580088629
10:40:04,0.15410809977626738,0.0018318861620878954
10:40:04,0.5560211285794704,0.006609434629016724
10:40:04,0.19701474513222933,0.0023419183408202944
10:40:04,5.675408516761064,0.06746369815177924
10:40:04,5.6763473242294555,0.06747485777552846
10:40:04,4.79698359662783,0.05702184299970469
10:40:04,5.0353143639778155,0.059854885749190755
10:40:04,5.028671400502863,0.059775920705285285
10:40:04,5.138508847319226,0.06108156070210618
10:40:04,5.164623146448056,0.06139198191472368
10:40:04,5.189948817087359,0.06169302868421269
10:40:04,6.030940421339852,0.07168991323796989
10:40:04,6.567074496843792,0.078062950056705
10:40:04,7.095018540540692,0.08433863179834708
10:40:04,7.224709195300932,0.08588026728767123
10:40:04,7.538207128479724,0.08960682368845184
10:40:05,7.620962052321161,0.09059053317581722
10:40:05,7.984715618908364,0.09491447932795734
10:40:05,8.068211760523093,0.095906999686289
10:40:05,9.47057903426858,0.11257696840739388
10:40:05,9.86377804979861,0.1172509332187293
10:40:05,10.124223276354348,0.12034685100112986
10:40:05,10.23996082485783,0.12172262562845516
10:40:05,10.374019502569027,0.12331618389673227
10:40:05,10.496282247530809,0.12476952366900596
10:40:05,10.5323193037275,0.12519789689964692
10:40:05,10.5616214349131,0.12554621193770474
10:40:05,10.686925920443196,0.1270357089428808
10:40:05,10.678889564992252,0.12694018061980383
10:40:05,10.710813907641601,0.127319665939641
10:40:05,10.681066341864886,0.126966056011407
10:40:05,10.818657160251252,0.12860160090877618
10:40:05,10.68239765332423,0.12698188133819605
10:40:05,10.698620812322682,0.12717472636397836
10:40:05,10.670640423756574,0.12684212290771285
10:40:05,10.607086440325475,0.1260866553952199
10:40:05,10.68957882296025,0.12706724404984412
10:40:05,10.67578051574763,0.12690322328727724
10:40:05,10.878155884769665,0.12930886347489304
10:40:05,10.652018220175925,0.12662076038947728
10:40:05,10.7618298545219,0.12792609355293005
10:40:05,10.996470275110283,0.13071526907431
10:40:05,11.106057926060508,0.13201793974251552
10:40:05,11.053434158842292,0.131392399935692
10:40:05,11.004521525981906,0.13081097445955991
10:40:05,10.984204757717663,0.1305694686159628
10:40:05,10.921675591451462,0.1298261831262563
10:40:05,11.568745146759616,0.13751791228259697
10:40:05,11.019395894994412,0.13098778639094677
10:40:06,10.922541711009721,0.12983647870731782
10:40:06,10.8968427826537,0.12953099501564794
10:40:06,10.6444505754693,0.12653080364068994
10:40:06,10.722532687398212,0.1274589673164269
10:40:06,10.654801074463988,0.12665384023582416
10:40:06,10.75786667491849,0.1278789831552034
10:40:06,10.97415984817402,0.13045006456893907
10:40:06,10.834155705764394,0.12878583243910605
10:40:06,10.708540074025116,0.12729263683252087
10:40:06,10.699912221732133,0.12719007737427696
10:40:06,11.133833939732147,0.13234811379019315
10:40:06,10.492534102172195,0.12472496938778446
10:40:06,10.519709696958047,0.12504800624377702
10:40:06,10.454507830782191,0.12427295031509278
10:40:06,10.43139906578284,0.12399825594869211
10:40:06,10.35965689668307,0.12314545530419103
10:40:06,10.25422104710216,0.12189213718453568
10:40:06,10.194517178425288,0.12118243606557401
10:40:06,10.068414079867136,0.11968344593085391
10:40:06,9.973844191769011,0.11855929171956543
10:40:06,9.982555984266034,0.11866284897674689
10:40:06,10.034187383251586,0.11927659248191103
10:40:06,10.065737773643226,0.11965163262354424
10:40:06,10.073606096056457,0.11974516353443453
10:40:06,10.163753898553841,0.12081675232293648
10:40:06,10.252407421005069,0.12187057857369506
10:40:06,10.301814955776324,0.12245788695905405
10:40:06,10.284212869888094,0.12224865060087856
10:40:06,10.358952087623537,0.12313707722435649
10:40:06,10.354742468870258,0.12308703739937006
10:40:07,10.646403428828693,0.12655401724887053
10:40:07,10.678315542561002,0.1269333572033185
10:40:07,10.773629201575222,0.12806635263483446
10:40:07,10.758418558926353,0.1278855434117931
10:40:07,10.870594659294545,0.12921898303164311
10:40:07,10.878493812122661,0.1293128804243113
10:40:07,10.970892668814717,0.1304112275404762
10:40:07,10.970377268861007,0.1304051009705911
10:40:07,11.29801772602259,0.1342997698457886
10:40:07,11.277689594209132,0.13405812892344748
10:40:07,11.27496155172639,0.1340257006261615
10:40:07,11.268756775329138,0.13395194432109073
10:40:07,11.281364845245294,0.13410181670835378
10:40:07,11.26198720366438,0.13387147428302046
10:40:07,11.236548150309725,0.13356907973085438
10:40:07,11.166308562145774,0.13273414029694341
10:40:07,11.210089167882675,0.13325456126075835
10:40:07,11.205838324942384,0.13320403140301024
10:40:07,11.243460609544783,0.13365124827642133
10:40:07,11.241939848597184,0.13363317095965604
10:40:07,11.243591652383618,0.13365280598535065
10:40:07,11.244328451353319,0.13366156432990745
10:40:07,11.31264042034679,0.1344735901149622
10:40:07,11.290823000084355,0.13421424599009638
10:40:07,11.320104576709335,0.13456231669566793
10:40:07,11.322002460986134,0.1345848768852294
10:40:07,11.35615979050162,0.1349909057660224
10:40:07,11.351814480277087,0.13493925297371717
10:40:07,11.483709290783663,0.13650708930788116
10:40:07,11.465094037633524,0.13628580940955648
10:40:07,11.469867282392567,0.13634254906850393
10:40:07,11.46574378859793,0.1362935330126781
10:40:08,11.472048404479919,0.13636847611176414
10:40:08,11.466282697584603,0.13629993903492316
10:40:08,11.491613419049134,0.13660104584367588
10:40:08,11.461144726555151,0.13623886386727313
10:40:08,11.607578854138598,0.13797952936355123
10:40:08,11.551846029385453,0.13731703212565408
10:40:08,11.569925607330006,0.1375319444417562
10:40:08,11.548696909805154,0.13727959847622043
10:40:08,11.55700340316425,0.13737833793418594
10:40:08,11.556419331779697,0.13737139506558535
10:40:08,11.605760199965244,0.13795791098386434
10:40:08,11.528278179346023,0.13703688060590868
10:40:08,11.598825038757028,0.137875472579474
10:40:08,11.685739015381763,0.13890862081309724
10:40:08,11.8479599731311,0.14083694468532124
10:40:08,11.906342939652498,0.14153094421310375
10:40:08,12.049105980424905,0.14322797142470547
10:40:08,11.992846067501635,0.1425592086788535
10:40:08,12.075142641611574,0.14353746975350246
10:40:08,12.21198715098519,0.14516414326023683
10:40:08,12.155851815538627,0.14449686136942116
10:40:08,12.116202196700845,0.14402554553211966
10:40:08,11.985278975246146,0.14246925849706424
10:40:08,11.92759951706675,0.1417836215874601
10:40:08,11.94576029304574,0.14199949910627316
10:40:08,11.941697600230592,0.14195120579294512
10:40:08,11.921153518236832,0.14170699786635457
10:40:08,11.91367978436845,0.14161815743763934
10:40:08,11.784735904474001,0.14008539887655466
10:40:08,11.78188125011098,0.14005146554123515
10:40:08,11.750185557529207,0.13967469818946948
10:40:08,11.755558078497387,0.13973856145708113
10:40:08,11.667736688044267,0.13869462677655525
10:40:08,11.634796663549192,0.1383030680256592
10:40:09,11.62899006500788,0.13823404486897842
10:40:09,11.612092212279363,0.13803317974490442
10:40:09,11.582381792055251,0.13768001136662072
10:40:09,11.58117335751574,0.1376656466803133
10:40:09,10.904309725716184,0.12961975472191337
10:40:09,11.021491216027037,0.1310126935152989
10:40:09,10.827853414703412,0.12871091697521528
10:40:09,10.905694295092271,0.12963621312665777
10:40:09,10.81130982522032,0.12851426298564994
10:40:09,10.860615115198389,0.12910035598504246
10:40:09,11.029765104028522,0.13111104539270566
10:40:09,11.095349807579067,0.13189065211716275
10:40:09,10.090982994206136,0.11995172308131508
10:40:09,9.226906965622547,0.10968043349918301
10:40:09,8.81075336142506,0.1047336070186856
10:40:09,8.235015753389561,0.09788980219152207
10:40:09,7.889464271715843,0.09378222459835174
10:40:09,7.455431821114104,0.08862287190171386
10:40:09,6.7337059938436035,0.08004370210001163
10:40:09,0.19085142198216448,0.0022686547913542297
10:40:09,0.11820159596963649,0.0014050648104015316
10:40:09,0.07242652740323352,0.0008609356257762091
10:40:09,6.329188392915599,0.07523519303048949
10:40:09,6.514483941189988,0.07743780503643298
10:40:09,6.480160250082303,0.0770297986119606
10:40:09,6.446217024800145,0.07662631479260723
10:40:10,6.671741408976554,0.07930712780104704
10:40:10,6.520042073263461,0.07750387466708338
10:40:10,6.38745339390061,0.07592779029950673
10:40:10,6.413901220763399,0.0762421761631802
10:40:10,6.4365916118713455,0.07651189731050052
10:40:10,6.448694905784278,0.07665576941499713
10:40:10,6.382671145430313,0.07587094361325779
10:40:10,6.4106431190972675,0.07620344704144341
10:40:10,6.3137572066395204,0.07505176220080054
10:40:10,6.317561789275631,0.0750969873531042
10:40:10,6.44976280863072,0.07666846359816915
10:40:10,6.437546312402795,0.07652324585541828
10:40:10,6.331798048367861,0.07526621405870122
10:40:10,6.335798446440134,0.07531376687313525
10:40:10,5.848762549764265,0.06952436111927887
10:40:10,5.7194768090477766,0.06798753885154826
10:40:10,5.752729411327794,0.06838281322102405
10:40:10,5.717978939277116,0.06796973364267561
10:40:10,5.406425456507871,0.06426629096403737
10:40:10,5.3335107014114485,0.06339955176559756
10:40:10,5.097385448403687,0.06059272601060869
10:40:10,4.5325493920666595,0.05387850815344032
10:40:10,4.28567913673357,0.05094395633408529
10:40:10,4.110004837386226,0.04885571231267374
10:40:10,4.184508855087646,0.04974134310849386
10:40:10,4.214975484155006,0.05010350055690174
10:40:10,4.223880945517026,0.05020935995987782
10:40:10,4.340327398972173,0.05159356135499194
10:40:10,4.217097332631036,0.050128723013521025
10:40:10,5.400017523920153,0.06419011973713837
10:40:10,5.499053463877761,0.06536736199903827
10:40:10,5.866538200333898,0.06973566064440373
10:40:11,5.806783104247426,0.06902535058416706
10:40:11,5.954532963374476,0.0707816562084543
10:40:11,1.2653735446719119,0.015041521436717886
10:40:11,0.26975070206892227,0.0032065321618458677
10:40:11,0.26270032574467567,0.0031227241929938083
10:40:11,0.4204003596629687,0.004997307750348148
10:40:11,5.654966948149697,0.0672207088038806
10:40:11,5.510045065690068,0.06549801939659478
10:40:11,5.71833662498636,0.0679739854600823
10:40:11,5.016000882704924,0.059625305998762854
10:40:11,5.837903416975939,0.06939527838374394
10:40:11,6.465036647688851,0.07685002403823146
10:40:11,6.7876135735161816,0.08068450261197184
10:40:11,6.892692434832045,0.08193357720475407
10:40:11,7.1098095881157315,0.08451445328608742
10:40:11,7.078399954074383,0.08414108631809465
10:40:11,7.368285647998581,0.08758696354361324
10:40:11,7.109773956367838,0.08451402973076494
10:40:11,7.3614526576542865,0.08750573964639066
10:40:11,6.583270122051098,0.07825546778774378
10:40:11,6.58406326657188,0.07826489591302899
10:40:11,6.589049456796692,0.07832416685912223
10:40:11,6.639102964601383,0.07891915393925943
10:40:11,6.501812970332567,0.07728718494438314
10:40:11,6.880411659245015,0.08178759537193508
10:40:11,6.680974530734385,0.07941688210990946
10:40:11,6.744815473452914,0.08017576071337355
10:40:11,6.7624396976865455,0.08038526023051765
10:40:12,6.780907615436121,0.08060478874989555
10:40:12,6.734959699371792,0.08005860492349565
10:40:12,6.73184472162394,0.08002157711872881
10:40:12,6.667330670175126,0.0792546972578981
10:40:12,6.405518407224974,0.07614252948566813
10:40:12,5.837154624151149,0.0693863774679842
10:40:12,5.77047239351695,0.06859372441643606
10:40:12,5.550405158521812,0.06597778065292324
10:40:12,5.460230091903607,0.06490586777525448
10:40:12,5.417224904402641,0.06439466422401098
10:40:12,5.127637581462385,0.06095233374053546
10:40:12,6.372857655523652,0.07575429045623423
10:40:12,6.364310289255465,0.07565268773702791
10:40:12,6.461479876874772,0.07680774463016993
10:40:12,6.484620318494834,0.07708281553721463
10:40:12,6.440892984370774,0.0765630278141608
10:40:12,6.529909712358287,0.07762117149662401
10:40:12,6.463253981343999,0.07682883344660459
10:40:12,6.633226070435407,0.07884929517703773
10:40:12,7.204119129153259,0.08563551274649427
10:40:12,7.109856497024278,0.08451501089325128
10:40:12,7.175424629022241,0.08529442063132087
10:40:12,7.095965005851888,0.08434988245103175
10:40:12,7.097022451977558,0.08436245233494817
10:40:12,6.894083715293838,0.08195011538431271
10:40:12,6.61636684826613,0.07864888925521855
10:40:12,6.604215925233397,0.07850445098239206
10:40:12,6.49236947941614,0.07717492997299148
10:40:12,6.453482524353501,0.07671267993572282
10:40:12,6.369286449899432,0.07571183946128669
10:40:12,6.489657553835846,0.07714269325765748
10:40:12,6.445150751607859,0.07661363998116781
10:40:13,6.505955714852511,0.07733642983397795
10:40:13,6.572954553506986,0.07813284641159637
10:40:13,6.623461938758819,0.07873322874231359
10:40:13,6.709803416761682,0.07975957167300501
10:40:13,6.724224845179527,0.07993099949019661
10:40:13,6.796634597343969,0.08079173570836315
10:40:13,6.857870095484133,0.08151964333836041
10:40:13,6.889309103971209,0.08189335948099569
10:40:13,6.9168768871982556,0.08222105828908158
10:40:13,6.843106410085575,0.08134414710537653
10:40:13,6.872001987014038,0.08168762942459043
10:40:13,6.6866679725804685,0.07948456017061901
10:40:13,6.860303990799395,0.08154857510219678
10:40:13,6.492942419244165,0.07718174052054994
10:40:13,6.54182720274139,0.07776283495072744
10:40:13,6.531677002857825,0.07764217931526038
10:40:13,6.569611623492493,0.07809310893353216
10:40:13,6.625685405476537,0.07875965913706871
10:40:13,7.031208724745769,0.08358012320126619
10:40:13,7.406895704647952,0.08804592208372952
10:40:13,7.522375920868945,0.0894186377969028
10:40:13,7.7686185049172485,0.09234572847474347
10:40:13,7.860756156351065,0.09344097063861369
10:40:13,8.082520356659074,0.09607708626381778
10:40:13,8.14248003159768,0.09678982815709129
10:40:13,8.334799765782542,0.09907593680589787
10:40:13,8.562176986174958,0.10177877451667094
10:40:13,9.335132517993998,0.11096691287347553
10:40:13,9.374228312816566,0.1114316453932799
10:40:13,9.446059823753478,0.11228550804604268
10:40:13,9.432514538837973,0.11212449496474278
10:40:13,9.421473675582355,0.11199325199539312
10:40:14,9.361756466468572,0.11128339229838258
10:40:14,9.330913512042889,0.11091676146267478
10:40:14,8.323683637089824,0.09894379915474429
10:40:14,0.7417313060136711,0.008816975340338835
10:40:14,0.19353769620408845,0.002300586588461975
10:40:14,1.4095853276097496,0.016755769876335154
10:40:14,1.3961251918382402,0.01659576896466698
10:40:14,0.45217435206793166,0.005375005853727795
10:40:14,0.4920178661542406,0.005848626527849582
10:40:14,0.31164023147761055,0.0037044738623246603
10:40:14,0.13415060611799465,0.0015946510231456595
10:40:14,0.5254587570193203,0.006246139087621376
10:40:14,7.207532531682295,0.08567608793279308
10:40:14,7.569573734147436,0.0899796791772793
10:40:14,7.328335221774073,0.08711207200269852
10:40:14,7.934255671264381,0.09431466088906354
10:40:14,7.799649654780494,0.09271459639350103
10:40:14,8.579558777570986,0.10198539222967182
10:40:14,8.665425884565106,0.1030060963023936
10:40:14,8.772567124375804,0.10427968643090145
10:40:14,8.802808053613294,0.10463916098077432
10:40:15,8.887116374816541,0.10564133573463418
10:40:15,8.854803341495678,0.10525723004076402
10:40:15,8.884320209069623,0.1056080976547012
10:40:15,8.638755932862871,0.10268907003617005
10:40:15,8.64627005420418,0.10277839055160938
10:40:15,8.600964153376335,0.10223983837357364
10:40:15,8.615115391569795,0.10240805443399256
10:40:15,8.557497477712705,0.10172314910301768
10:40:15,8.607723341708185,0.10232018498475139
10:40:15,8.569063288587497,0.10186063213554884
10:40:15,8.669762946226205,0.10305765104385511
10:40:15,8.442583465806598,0.10035716387221918
10:40:15,8.405723832273999,0.09991901264781225
10:40:15,8.319284100271503,0.09889150176979969
10:40:15,8.31963201608079,0.09889563745220399
10:40:15,8.269637575374036,0.09830135250387884
10:40:15,8.379769337859264,0.0996104910371288
10:40:15,8.245050469994094,0.09800908507486827
10:40:15,8.302913522815372,0.09869690437776894
10:40:15,8.274926256128635,0.0983642191611416
10:40:15,8.310589543587461,0.0987881493950828
10:40:15,8.277800985097329,0.09839839112371299
10:40:15,8.30296843681023,0.09869755714155899
10:40:15,8.183420951866387,0.09727649372114841
10:40:15,8.185863744637524,0.09730553124922638
10:40:15,8.22266270304249,0.0977429612271391
10:40:15,8.23127522177683,0.09784533841505501
10:40:15,8.249781298682,0.0980653205331029
10:40:15,8.264254611340753,0.09823736509933681
10:40:15,8.271021936786141,0.09831780843655108
10:40:16,8.397579703416119,0.0998222032200231
10:40:16,8.388862725527167,0.09971858432398079
10:40:16,8.39376814704433,0.09977689517077952
10:40:16,8.357691626387709,0.09934805282528901
10:40:16,8.31687352208947,0.09886284717720716
10:40:16,8.253005861509116,0.09810365097796825
10:40:16,8.390366714642013,0.09973646227362404
10:40:16,8.445412128168067,0.10039078824007992
10:40:16,8.451862322024475,0.1004674618275519
10:40:16,8.446711358581236,0.1004062322188111
10:40:16,8.44547477926187,0.10039153297492476
10:40:16,8.424370873956317,0.1001406704170749
10:40:16,8.417197688536849,0.10005540261397376
10:40:16,8.403386549549642,0.09989122931983757
10:40:16,8.328346619619065,0.09899922812429082
10:40:16,8.324024364745771,0.09894784939142148
10:40:16,8.312480823482082,0.09881063107821705
10:40:16,8.329011791241692,0.09900713503309493
10:40:16,8.315925898616781,0.09885158275743293
10:40:16,8.333399512373148,0.09905929196472593
10:40:16,8.278470633173127,0.09840635124420832
10:40:16,8.380292333275584,0.09961670789443468
10:40:16,8.379219664948621,0.09960395706389738
10:40:16,0.028077214913379635,0.00033375443305355007
10:40:16,0.026833659784789902,0.00031897226757902783
10:40:16,0.3228894905137958,0.003838194036618208
10:40:16,0.04021494251222125,0.0004780358514850974
10:40:16,0.06946355981851783,0.0008257147689553429
10:40:17,0.24770563503790846,0.0029444819951444192
10:40:17,0.05665863409597881,0.0006735023526596554
10:40:17,0.04837646694054482,0.0005750520607790538
10:40:17,0.04429748498210253,0.0005265651180685492
10:40:17,0.17578133286136813,0.002089516331001417
10:40:17,0.07902269154748899,0.0009393443650719666
10:40:17,0.23713492958695903,0.0028188278013206404
10:40:17,1.0630336299704461,0.01263630269534228
10:40:17,0.26105837571408186,0.0031032062990982157
10:40:17,0.2221990575202342,0.0026412847818591684
10:40:17,0.13439052042296934,0.0015975028894395671
10:40:17,0.05891549777604257,0.0007003297377953474
10:40:17,0.04348065748172937,0.000516855472716236
10:40:17,0.032794911826042814,0.0003898337936048724
10:40:17,0.09003303215029108,0.001070224511017766
10:40:17,0.05778500882881037,0.0006868915923517624
10:40:18,0.0466211117321754,0.0005541861171951069
10:40:18,0.05684651501851885,0.0006757356970628444
10:40:18,1.5398054374053722,0.0183036990085903
10:40:18,0.37622790522249483,0.004472228872907965
10:40:18,0.09935817277679854,0.0011810726500709563
10:40:18,0.09022688212630144,0.0010725288096827287
10:40:18,0.02716375396024079,0.00032289610385416315
10:40:18,0.015415895204595291,0.00018324906440669926
10:40:18,0.018700173684821478,0.00022228935047280483
10:40:18,0.04676686106313104,0.0005559186424997394
10:40:18,0.028090940588647414,0.0003339175904386898
10:40:18,0.019065199925996847,0.0002266284249340363
10:40:18,0.029168391336249065,0.0003467252697088139
10:40:18,0.023483019488565113,0.00027914313723675926
10:40:18,0.02359357476518477,0.0002804573100912645
10:40:18,0.11607617414002747,0.0013797998772545205
10:40:19,0.04963439560942299,0.0005900050848235852
10:40:19,0.023635543842714206,0.00028095619738189605
10:40:19,0.03136075277421994,0.00037278591536173274
10:40:19,1.5501049320884415,0.018426129314419806
10:40:19,0.35891136454946215,0.004266386796597801
10:40:19,0.12155612927982662,0.0014449402170811391
10:40:19,0.24936212751743841,0.002964172755430602
10:40:19,0.04697840960845657,0.0005584333244233649
10:40:19,0.025619428456788627,0.0003045386747272023
10:40:19,0.10675606839375108,0.0012690115879265323
10:40:19,0.056290219342081144,0.0006691229988777714
10:40:19,0.049109076214352995,0.0005837606023343312
10:40:19,0.05001643259919849,0.0005945463664044462
10:40:19,1.273862469420867,0.015142429460379152
10:40:19,0.5263437764680478,0.006256659332070929
10:40:19,0.1500624166037015,0.0017837950427322298
10:40:20,0.06756230622965173,0.0008031145283117937
10:40:20,0.3440603228163028,0.004089852157061911
10:40:20,0.07708396912740972,0.0009162987316586106
10:40:20,0.1832091419404084,0.002177810850798099
10:40:20,0.11572566772012872,0.0013756334002084233
10:40:20,0.11302526686003891,0.001343533679461295
10:40:20,0.1521077749099713,0.0018081082591251826
10:40:20,0.17809235384529662,0.0021169874851256943
10:40:20,2.604568634361159,0.03096056110237724
10:40:20,1.8976997245668934,0.02255799578529008
10:40:20,1.3981567680116596,0.01661991835256234
